0,"Suvhradip ai",suvhradip@gmail.com,1212233,5,dcvxv12
1,"Suvhradip ai",suvhradip@gmail.com,1212233,5,dcvxv12
2,"Suvhradip ai",suvhradip@gmail.com,1212233,5,vbhjbbj
3,"Sudvhradvbfhbip ai",suvhradip@gmail.com,1212233,4,ghghg
4,"Suvhradip ai",suvhradip@gmail.com,1212233,5,pscddff,coders
5,"Suvhradip ai",suvhradip@gmail.com,1212233,5,pscddff,coders
6,"Suvhradip ai",suvhradip@gmail.com,1212233,5,dggdgdgd,coders
7,"Suvhradip ai",suvhradip@gmail.com,1212233,5,dggdgdgd,coders
8,"Suvhradip ai",suvhradip@gmail.com,1212233,5,cts101,coders
9,"Suvhradip ai",suvhradip@gmail.com,1212233,5,pscddff,coders
10,fgfghfh,suvhradip@gmail.com,1212233,5,pscddff,coders
